Category,PhotoCount
A-line,200
Alb,200
Babydoll,200
Band collar,200
Baseball cap,200
Batik,200
Belt buckle,200
Bespoke,200
Bikini,200
Blouse,200
Boat neck,200
Boater,200
Bowler hat,200
Buckskins,200
Busby,200
Bustier,200
Bustle,200
Button,200
Camp shirt,200
Chaps,200
Chic (style),200
Choker,200
Cleavage (breasts),200
Coat (clothing),200
Cocktail dress,200
Cope,200
Corsage,200
Corset,200
Cowboy hat,200
Cowl,200
Cuff,200
Cut and sew,200
Dandy,200
Dirndl,200
Dress,200
Dress shirt,200
Evening gown,200
Fashion,200
Fashion accessory,200
Fashion week,200
Fetish fashion,200
Fishnet,200
Flannel,200
Flip-flops,200
Handbag,200
Handkerchief,200
Haute couture,200
Headband,200
Headpiece,200
Hijab,200
Hippie,200
Hoodie,200
Jacket,200
Jeans,200
Jewellery,200
Jodhpurs,200
Kilt,200
Kimono,200
Lapel pin,200
Leading strings,200
Leggings,200
Little black dress,200
Mackintosh,200
Messenger bag,200
Miniskirt,200
Mitre,200
Morning dress,200
Necktie,200
Organic clothing,200
Overall,200
Pantyhose,200
Pattern grading,200
Petticoat,200
Platform shoe,200
Pleat,200
Plus fours,200
Pocket,200
Poncho,200
Power dressing,200
Revers,200
Robe,200
Rubber glove,200
Ruffle,200
Sari,200
Sash,200
Sequin,200
Shirt,200
Shoe tree,200
Skirt,200
Sleeve,200
Sombrero,200
Spandex,200
Straw hat,200
Style line,200
Suit (clothing),200
Sun hat,200
Supermodel,200
Surtout,200
Suspenders,200
Sweater,200
Swimsuit,200
Tie-dye,200
Toga,200
Toile,200
Top hat,200
Trousers,200
Tube top,200
Tunic,200
Turban,200
Tuxedo,200
Umbrella,200
Vest,200
Victorian fashion,200
Wallet,200
Watch,200
Wetsuit,200
Yukata,200
Victoriana,198
Leather glove,189
Montera,186
Polo shirt,180
Morning coat,173
Headscarf,171
Pedal pushers,171
Costume jewelry,148
Size zero,148
Hat Act,143
Feather boa,141
Gusset,138
Cardigan (sweater),135
Trench coat,132
Ball gown,131
Loincloth,125
Maillot,124
Motoring hood,123
Nose piercing,123
Burqa,120
Picnic hat,120
Preppy,118
Drawstring,115
Clog (shoe),114
Epaulette,113
Facing (sewing),110
Barrette,108
Bodice,105
Crew neck,105
Aigrette,104
Overcoat,103
Smoking cap,103
Tent dress,102
Vestment,99
Chemise,87
Plastic clothing,87
Girdle,86
Waistcoat,86
Kerchief,83
Panama hat,83
Bandeau,82
Baby sling,78
Mantilla,78
Hobo bag,77
Leisure suit,73
Zari,73
Fashion law,72
Anorak,71
Sarong,71
Trilby,70
Fanny pack,69
Boxer shorts,68
Long underwear,68
Bobby pin,66
Scrunchie,66
Pinafore,65
Double-breasted,62
Satchel (bag),62
Unitard,60
Money clip,59
Tie clip,59
Cloche hat,56
Tabard,55
Kepi,53
Athletic shoe,52
Style tribe,51
Windbreaker,50
Ballet flat,49
Boyfriend (fashion),49
Kurta,49
Mary Jane (shoe),49
Oxford shoe,47
Brassiere,46
Camisole,46
Hemline,46
Jumper (dress),46
Fake fur,43
Gilet,42
Sporran,42
French hood,41
Smoking jacket,41
Trim (sewing),41
Pareo,40
Hairnet,39
Huipil,39
Crinoline,37
Harem pants,35
Pencil skirt,35
Hakama,34
Sleeveless shirt,34
Thong (clothing),33
Abaya,32
Collar (clothing),32
Scoop neck,32
Money belt,31
Neckwear,31
Coif,29
Kaftan,29
Stole (shawl),29
Dooney & Bourke,28
Dhoti,27
Dolman,27
Dupatta,27
Beaver hat,23
Bermuda shorts,23
Cheongsam,23
Hatpin,23
Hoop skirt,23
Wild silk,23
Horn-rimmed glasses,22
Bell sleeve,21
Baldric,20
Garter (stockings),20
Stola,20
Layette,18
Lungi,18
Androgyny,16
Fichu,16
Jelly shoes,16
Jockstrap,16
Mandarin collar,16
Personal protective equipment,16
Shako,16
Bell-bottoms,15
Catsuit,15
Monkey jacket,15
V (American magazine),15
Culottes,14
Skeleton suit,14
Duffle coat,13
Frock coat,13
Gather (sewing),13
Jacket lapel,13
Academic dress,12
Capri pants,12
Cork hat,12
Krama,12
Borsalino,11
Choli,11
War bonnet,11
Banyan (clothing),10
Chlamys,10
Clubwear,10
Flare (magazine),10
Tippet,10
