Node,url,url_event
Boat neck,http://s7d5.scene7.com/is/image/Theory/G0126533_001_F0,s
Boater,https://www.historicalemporium.com/store/media/003217/003217_01.jpg,s
Bowler hat,http://media.goorin.com/media/catalog/product/cache/1/image/9df78eab33525d08d6e5fb8d27136e95/imports/products/100-2329-BLK-F01.png,s
Buckskins,https://www.warpaths2peacepipes.com/images/frontierman-buckskins-a.jpg,s
Busby,http://i.dailymail.co.uk/i/pix/2011/06/04/article-1394239-0C6672F400000578-363_634x647.jpg,s
Bustier,https://goo.gl/images/GdHjx3,s
Button,https://sits-pod46.demandware.net/dw/image/v2/AARD_PRD/on/demandware.static/-/Sites-agaci-products/default/dw4b8b0715/images/hi-res/30030-51589_ZM_871_FRONT.jpg?sw=787&sh=1185&sm=fit,s
Camp shirt,https://cdn.lookastic.com/light-blue-print-short-sleeve-shirt/shipley-halmos-short-sleeve-palm-tree-print-camp-shirt-original-29431.jpg,s
Chaps,http://www.jafrum.com/assets/images/products/LC43404_Black-Leather-Chaps-Back-View.jpg,s
Chic style,https://www.lenapenteado.com/wp-content/uploads/2013/02/casual-chic-style-classic-lovely-pepa.jpg,s
Choker,https://s-media-cache-ak0.pinimg.com/originals/fe/e6/ba/fee6ba6fdcd736268544c7cde76fcb78.jpg,s
Coat,http://g.nordstromimage.com/ImageGallery/store/product/Zoom/17/_12850557.jpg,s
Cocktail dress,https://ss.dresswe.com/images/product/c/4352/12180/12180689_1.jpeg,s
Corsage,https://s-media-cache-ak0.pinimg.com/736x/c4/33/6e/c4336e460ca9c85a1c0c1add9466c4c2.jpg,s
Corset,https://s-media-cache-ak0.pinimg.com/736x/c4/33/6e/c4336e460ca9c85a1c0c1add9466c4c2.jpg,s
Cowboy hat,http://www.sheplers.com/dw/image/v2/BBCT_PRD/on/demandware.static/-/Sites-master-product-catalog-shp/default/dw17cbdf2c/images/B15/096B15_BQ_P1.JPG?sw=290&sh=290&sm=fit,s
Cowl,http://irepo.primecp.com/1003/21/150895/holy-cowl_Medium_ID-491922.jpg?v=491922,s
Cuff,http://cf.ltkcdn.net/mens-fashion/images/std/45959-425x282-FrenchCuff.jpg,s
Cut and sew,https://static1.squarespace.com/static/520bae32e4b02fa8656c169b/t/527a95c7e4b01c0da07c1987/1383765457189/cut%26sew.png,s
Dandy,http://www.moderngentlemanmagazine.com/wp-content/uploads/2014/07/Dandy-street-style1.jpg,s
Dirndl,https://s-media-cache-ak0.pinimg.com/736x/d1/85/99/d185996cfa95b401f4470fb3522e7f04.jpg,s
Fetish fashion,https://thecitizensoffashion.files.wordpress.com/2013/06/vogue-netherlands-july-2013-fetish-fashion-2.jpg,s
Fishnet,https://img.clipartfest.com/007a6509f07e5d7c3257caaecb6511e9_fishnet-fishnet_1920-1080.jpeg,s
Flannel,http://demandware.edgesuite.net/sits_pod15/dw/image/v2/AAJE_PRD/on/demandware.static/-/Sites-pacsun_storefront_catalog/default/dw825e2a7a/product_images/0183250500098NEW_01_060.jpg?sw=215&sh=334&sm=fit,s
Flip-flops,https://s-media-cache-ak0.pinimg.com/736x/78/16/71/781671e6c2ca0efdc18939663afd20f5.jpg,s
Handbag,http://www.italialiving.com/wp-content/uploads/2012/09/woman-handbag.jpg,s
Handkerchief,https://s-media-cache-ak0.pinimg.com/originals/a8/af/00/a8af004fdbb691b6d618e8fb5910d134.jpg,s
Headband,http://www.emijay.com/assets/images/lola-headband-image-2.jpg,s
Headpiece,http://www.davidsbridal.com/wcsstore/images/wwcm/sfg/hsg/SFG_headpiece_carousel2_arrows.jpg,s
Hijab,https://ayisah.com/images/zoom/jet-black-svart-georgette-instant-hijab-5ka9a-1.jpg,s
Hippie,https://s-media-cache-ak0.pinimg.com/736x/0e/09/61/0e0961037396e011762bcec408685294.jpg,s
Hoodie,https://i.s-jcrew.com/is/image/jcrew/48703_BK0001_m?$pdp_enlarge$,s
Jacket,http://www.wholesaleclothingoutlet.org/upfile/original/201231454451273.jpg,s
Jeans,https://www.countryandtownhouse.co.uk/wp-content/uploads/2014/12/Jeans-model.jpg,s
Jewellery,https://s-media-cache-ak0.pinimg.com/originals/cb/2d/33/cb2d33ff5e37994cfbdc570538c02f96.jpg,s
Jodhpurs,https://s-media-cache-ak0.pinimg.com/236x/03/e0/e5/03e0e5ede822b7e33bc9ac79b8087f4d.jpg,s
Kilt,https://www.mccalls.co.uk/media/catalog/product/cache/1/image/9df78eab33525d08d6e5fb8d27136e95/p/a/package-pride_2.jpg,s
Kimono,https://ae01.alicdn.com/kf/HTB1qjkiLXXXXXayXFXXq6xXFXXXZ/High-Fashion-Purple-Japanese-Style-Women-font-b-Kimono-b-font-font-b-Traditional-b-font.jpg,s
Lapel pin,http://g02.a.alicdn.com/kf/HTB1MoSaIpXXXXb1XVXXq6xXFXXXJ/2015-New-font-b-Men-b-font-Jewelry-font-b-Men-b-font-font-b-Lapel.jpg,s
Little black dress,https://cdn.lulus.com/images/product/xlarge/147458.jpg,s
Mackintosh,https://www.endclothing.com/media/catalog/product/cache/0/small_image/230x/9df78eab33525d08d6e5fb8d27136e95/1/0/10-08-2016_mackintosh_gmp003fjacket_charcoal_mb_1.jpg,s
Messenger bag,http://blog.pictureline.com/wp-content/uploads/2013/06/ona_3_brixton_fieldtan_model.png,s
Miniskirt,https://www.justthedesign.com/wp-content/uploads/2014/03/Mini-Skirt1.jpg,s
Mitre,http://www.chch.catholic.org.nz/images/news/mitre.jpg,s
Morning dress,http://www.maxfit.co.za/wp-content/uploads/2016/09/09-Mor.jpg,s
Necktie,https://iconicallyrare.files.wordpress.com/2012/11/necktie-ravazzolo-aw-11-12273-1819750.jpg,s
Organic clothing,http://www.divasworld.org/wp-content/uploads/2017/04/Are-Organic-Clothes-Really-Organic.jpg,s
Pantyhose,http://legendcompressionwear.com/wp-content/uploads/2015/04/IMG_0762.jpg,s
Pattern grading,http://www.stylusapparel.com/wp-content/uploads/2013/12/Grading-Example.png,s
Petticoat,http://assets.unique-vintage.com/media/catalog/product/cache/1/image/540x/040ec09b1e35df139433887a97daa66f/1/9/1950s_Style_Ivory_Tea_Length_Ruffled_Chiffon_Petticoat_Crinoline_4.jpg,s
Platform shoe,http://www.dhresource.com/0x0s/f2-albu-g2-M00-1A-63-rBVaG1RRFXSAJmGSAAB5G6fTenY583.jpg/super-model-black-platform-shoes-19cm-ultra.jpg,s
Pleat,http://www.aewom.com/wp-content/uploads/2013/07/07/1/Marc-by-Marc-Jacobs-Knitted-pleat-dress-for-women-408-1.jpg,s
Pocket,http://static4.businessinsider.com/image/572bbb1f8a4565f8491dcb02-1190-625/heres-why-your-jeans-have-that-tiny-front-pocket.jpg,s
Poncho,https://images1.novica.net/pictures/4/p245895_1.jpg,s
Power dressing,https://s-media-cache-ak0.pinimg.com/736x/b6/d6/b0/b6d6b0d5b1631e0a478cb8b48c96fd2a.jpg,s
Revers,https://upload.wikimedia.org/wikipedia/commons/9/95/Sacco-Revers.gif,s
Robe,https://ak1.ostkcdn.com/images/products/P14193257a.jpg,s
Rubber glove,http://sportysnetwork.com/airfacts/wp-content/blogs.dir/13/files/2015/04/rubber-glove-431.jpg,s
Ruffle,https://s-media-cache-ak0.pinimg.com/736x/16/e6/eb/16e6eb8d631aee9f6b175f24085e491f.jpg,s
Sari,http://assets.myntassets.com/v1/image/style/properties/1036414/Varkala-Silk-Sarees-Women-Traditional-Sari_1_20af005bd6d4c7572fc7a45bad4880c7.jpg,s
Sash,http://www.neatorama.com/wp-content/uploads/2011/11/Miss-Cellaneous-Sassy-Pageant-Sash_16458-l-500x333.jpg,s
Sequin,http://beautymovesme.com/wp-content/uploads/2012/07/Model-in-Sequin-Maxi-Dress-428x600.jpg,s
Shirt,http://eliz.by/upload/iblock/d3a/d3acc78dfb9ce6fcd5a67a9cecc71caf.jpg,s
Shoe tree,http://www.ikea.com/PIAimages/07723_PE084445_S5.JPG,s
Skirt,http://uniquewomenfashion.com/wp-content/uploads/2014/06/Summer-Skirt-12.jpg,s
Sleeve,http://www.maxmayo.com/wp-content/uploads/2015/04/tattoo-sleeve-15-tarot-cards-model-andre-hamann-680x1017.jpg,s
Sombrero,http://partycity6.scene7.com/is/image/PartyCity/_ml_p2p_pc_badge_taller2?$_ml_p2p_pc_thumb_taller2$&$product=PartyCity/279978_full,s
Spandex,https://upload.wikimedia.org/wikipedia/commons/thumb/d/d6/Denim_shirt_and_leggings.jpg/187px-Denim_shirt_and_leggings.jpg,s
Straw hat,https://sc02.alicdn.com/kf/UT8D.WIXTpaXXagOFbXX/2017-Fashionable-Cowboy-Straw-Hat-from-Viet.jpg,s
Suit clothing,http://www.polyvore.com/cgi/img-thing?.out=jpg&size=l&tid=38792314,s
Sun hat,http://bpc.h-cdn.co/assets/16/12/480x480/gallery-1458917796-target-tan-floppy-sun-hat-black-band.jpg,s
Surtout,http://nanbagroup.com/previous-website/prodimages/Nanba-3501.jpg,s
Suspenders,"http://media.gq.com/photos/558447c709f0bee564438f09/master/w_703,h_964,c_limit/style-2010-05-suspenders-suspenders-intro.jpg",s
Sweater,http://www.amodelrecommends.com/wp-content/uploads/2013/11/image1xl.jpg,s
Tote,https://intrinsicstyles.com/wp-content/uploads/green-toza-tote-model.jpg,s
Wellingtons,http://www.hotelroomsearch.net/im/hotels/gb/wellingtons-23.jpg,s
abaya,http://www.eastessence.com/AJ511-Highneck-Pleated-Abaya-Dressfrontzoom.jpg,s
anorak,https://cdn.shopify.com/s/files/1/0389/6781/products/anorak-pullover-nylon-profound-aesthetic-olive.jpg?v=1475005795,s
apron,http://www.thinkgeek.com/images/products/additional/large/iitj_st_tng_apron_model_gold.jpg,s
balaclava,https://images-na.ssl-images-amazon.com/images/I/71CtPjV1bAL._SL1500_.jpg,s
bandana,http://picture-cdn.wheretoget.it/6y5nhf-l-610x610-scarf-ash+walker-model-bandana-black+bandana--grey-natural+makeup+look-blonde+hair.jpg,s
bathing suit,https://scstylecaster.files.wordpress.com/2013/07/spanx-bathing-suit.jpg?w=500&h=628,s
beanie,https://s-media-cache-ak0.pinimg.com/736x/75/f3/d3/75f3d3acc283d5ca8f401c18f583005d.jpg,s
boot,http://bootlovers.typepad.com/.a/6a00d83452747269e20148c788199a970c-pi,s
bow tie,https://s-media-cache-ak0.pinimg.com/originals/eb/d1/6b/ebd16bb5a7b74563a040b59e9f4f9a0c.jpg,s
bracelet,https://mmilesoriginals.files.wordpress.com/2013/06/jewelry_434_highres.jpg,s
brassiere,https://snbgarments.com/wp-content/uploads/2015/07/brassiere_236_white.jpg,s
briefs,https://sits-pod33.demandware.net/dw/image/v2/ABAH_PRD/on/demandware.static/-/Sites-masterCatalog_FRUIT/default/dw931ececc/images/hi-res/Fruit-of-the-Loom-Digital-Assets_22446.jpg?sw=300&sh=300&sm=fit,s
caftan,http://www.mode-et-caftan.com/956-watermark/caftan-amirale.jpg,s
camisole,https://cdn.shopify.com/s/files/1/0362/1989/products/C1184-Bra-Friendly-Camisole-31_640x640_1024x1024.jpg?v=1449507784,s
cape,https://s-media-cache-ak0.pinimg.com/originals/17/7b/c1/177bc1b1a5e49f2d414554f4848740b2.jpg,s
capris,https://s-media-cache-ak0.pinimg.com/564x/a6/fc/1c/a6fc1c4b7f8bb1d5e0cc267cbb897af0.jpg,s
cardigan,"https://images.express.com/is/image/expressfashion/0021_01804809_1737_f84?cache=on&wid=960&fmt=jpeg&qlt=85,1&resmode=sharp2&op_usm=1,1,5,0&defaultImage=Photo-Coming-Soon",s
cloak,https://upload.wikimedia.org/wikipedia/commons/thumb/5/56/Cloak.jpg/220px-Cloak.jpg,s
culottes,https://sweetdotaddiction.files.wordpress.com/2014/10/culottes-9.jpg,s
dashiki,https://cdn.shopify.com/s/files/1/1144/9420/products/75ad6362b163bc3cf48c65e23974de9b.jpg?v=1471310702,s
dress,https://www.tadashishoji.com/media/wysiwyg/TIAN_tds_fw14_117.jpg,s
duds,https://qvc.scene7.com/is/image/QVC/a/89/a288189.001?$aemprodgallery$,s
dungarees,https://images.asos-media.com/products/asos-denim-dungaree-in-stonewash-blue/6493594-1-stonewashblue?$XL$,s
earmuffs,http://img.woolrich.com/images/catalog/alt-large/WR_24119_1.JPG?version=1.0.2017-03-23-a65c3e0799902797e4432da120d0f2b21c5cebf9,s
earrings,https://magalic.com/wp-content/uploads/2016/09/Clothing_Collection_2_bigstock-beautiful-woman-in-evening-dre-45291862.jpg,s
elastic,http://www.pacifictrimming.com/media/catalog/product/cache/1/image/650x/040ec09b1e35df139433887a97daa66f/1/3/131156_blue_pink_1.jpg,s
fedora,https://cdn.shopify.com/s/files/1/1310/3673/products/2-carbon-fiber-fedora-hat.jpg?v=1478630722,s
fur coat,https://s-media-cache-ak0.pinimg.com/originals/f0/ed/9d/f0ed9d032f800f902592a53e09f2a950.jpg,s
gabardine,http://www.minimatt.net/wp-content/uploads/2014/06/strech-gabardine.jpg,s
garb,http://uncrate.com/p/2013/10/garb-pocketed-xl.jpg,s
garters,http://img.davidsbridal.com/is/image/DavidsBridalInc/GTR440?$plpimagedesktop$,s
gilet,http://www.careco.co.uk/csp/careco/mobility/products/400/DL01013_blazewear_heated_phoenix_mens_gilet_.jpg,s
girdle,http://image.rakuten.co.jp/hugge/cabinet/01888543/imgrc0069688636.jpg,s
glasses,https://sc02.alicdn.com/kf/HTB1vEFJMXXXXXcQXFXXq6xXFXXXs/ZEST-New-Model-Eyewear-Frame-Glasses-Anti.jpg,s
gloves,https://images-na.ssl-images-amazon.com/images/I/61SXA4pGNBL._SL1280_.jpg,s
gown,https://ss.dresswe.com/images/product/c/7921/11227/11227619_1.jpeg,s
high heels,https://s-media-cache-ak0.pinimg.com/736x/a3/22/91/a32291954f42523727e5a6d7d0363b11.jpg,s
hosiery,http://images.fashiontimes.com/data/images/full/73795/8-under-80-tights.jpg?w=600,s
jersey,https://ae01.alicdn.com/kf/HTB1ehtdKFXXXXa6XVXXq6xXFXXXn/Aoque-magpie-men-s-basketball-clothes-set-competition-basketball-jersey-clothing-1018.jpg,s
jumper,https://smhttp-ssl-33667.nexcesscdn.net/manual/wp-content/uploads/2014/10/ovj-Collage-1024x574.jpg,s
jumpsuit,http://www.styleadmirer.com/wp-content/uploads/2016/12/jump-suit-1.jpg,s
leading strings,https://upload.wikimedia.org/wikipedia/commons/b/b5/Angelica_Kauffmann_tolstoyFamily.jpg,s
leggings,"https://images.express.com/is/image/expressfashion/85_916_3393_058_f01?cache=on&wid=960&fmt=jpeg&qlt=85,1&resmode=sharp2&op_usm=1,1,5,0&defaultImage=Photo-Coming-Soon",s
loafers,http://www.kwiickart.com/wp-content/uploads/2015/04/Songzi-2015-New-Leather-Loafer-Flats-for-women-Casual-Driving-Shoes-for-women-Driving-Loafers-woman6.jpg,s
long johns,http://cdnmedia.outersports.com/catalog/product/cache/1/thumbnail/600x600/9df78eab33525d08d6e5fb8d27136e95/9/4/94US-MensAuthenticUnionSuit.jpg,s
mittens,https://s-media-cache-ak0.pinimg.com/736x/5d/fe/65/5dfe65f29bb31ce3631a688d806f986a.jpg,s
mumu,https://s-media-cache-ak0.pinimg.com/originals/41/c4/6f/41c46ff999dd5a77b2d3af222f063fa3.jpg,s
necklace,https://s-media-cache-ak0.pinimg.com/originals/75/67/9f/75679fd0afb8619448ec12fe8b04ce10.jpg,s
nightshirt,http://s7d4.scene7.com/is/image/BrooksBrothers/152B_BLUE?$bbproductimages$,s
overalls,https://i5.walmartimages.com/asr/160b27b6-3173-4b1c-b949-9a63b8de7840_1.3e9e823feb58bc29ef3c816834594e83.jpeg,s
overcoat,https://images.asos-media.com/products/asos-wool-mix-overcoat-in-light-gray-marl/6303600-1-lightgrey?$XL$,s
pajamas,http://3i1e5d437yd84efcy34dardm.wpengine.netdna-cdn.com/wp-content/uploads/2015/07/blue-gingham-mens-pajama-set-for-christmas-2016-2017.jpg,s
parka,http://www.patagonia.com/dis/dw/image/v2/ABBM_PRD/on/demandware.static/-/Sites-patagonia-master/default/dw6b36e2c6/images/hi-res/27021_TPND_OM1.jpg?sw=750&sh=750&sm=fit&sfrm=png,s
peplum,https://s-media-cache-ak0.pinimg.com/736x/73/1f/04/731f04b9da164aad7c8bbb554ec7b1b6.jpg,s
pinafore,https://images.asos-media.com/products/asos-pinafore-dress/7204903-1-black?$XL$,s
polo shirt,http://debenhams.scene7.com/is/image/Debenhams/090010423143?$PSPNew$,s
pullover,http://scene7.zumiez.com/is/image/zumiez/pdp_hero/Zine-Fresh-Mix-Ash-Pullover-Hoodie-_226330.jpg,s
pumps,https://s-media-cache-ak0.pinimg.com/736x/fb/05/6d/fb056dac575bd83f4a7652350396f0c1.jpg,s
purse,http://fashion.zarzarmodels.com/wp-content/uploads/2014/09/Beautiful-Model-Karlie-Kloss-Modeling-For-Coach-Handbags-Fashion-Advertisements-And-Coach-Fashion-Ads-Modeling-As-One-Of-The-Highest-Paid-Models-In-The-World.-The-Worlds-Highest-Paid-Models..jpg,s
raincoat,"https://slimages.macysassets.com/is/image/MCY/products/6/optimized/8101716_fpx.tif?op_sharpen=1&wid=400&hei=489&fit=fit,1&$filterlrg$",s
ring,"https://bnsec.bluenile.com/bluenile/is/image/bluenile/-classic-six-prong-ring-platinum-/setting_template_main?$phab_detailmain$&$diam_shape=is{bluenile/main_RD_6prong_100}&$diam_position=0,0&$ring_position=0,0&$ring_sku=is{bluenile/2_setmain}",s
sandals,http://www.dhresource.com/260x260s/f2-albu-g4-M01-34-F7-rBVaEVc2kRmAA2eJAANp-fSAytc035.jpg/2015-explosion-models-new-beaded-diamond.jpg,s
sarong,http://ep.yimg.com/ay/yhst-17141305313513/hawaiian-sarong-pink-green-white-3.jpg,s
shoe,http://www.chamaripaelevatorshoes.com/wp-content/uploads/2015/01/brown-business-casual-increase-height-men-shoes.jpg,s
slippers,https://images-na.ssl-images-amazon.com/images/I/71kwKmgZuVL._UL1500_.jpg,s
stockings,https://varicoseveins.org/wp-content/uploads/2015/07/Compression-stocking1.jpg,s
sweatpants,"http://lp.hm.com/hmprod?set=key[source],value[/environment/2016/8AQ_0046_030R.jpg]&set=key[rotate],value[0.3]&set=key[width],value[3746]&set=key[height],value[4380]&set=key[x],value[759]&set=key[y],value[657]&set=key[type],value[FASHION_FRONT]&set=key[hmver],value[0]&call=url[file:/product/large]",s
tank top,https://rlv.zcache.com/womens_white_basic_tank_top_blank-r18f8304db8de449d9078439d9d8f6900_znp79_324.jpg,s
tiara,https://media.blingjewelry.com/media/catalog/product/cache/1/image/9df78eab33525d08d6e5fb8d27136e95/s/t/sterling-silver-tiara-bridal-flowerl-pave-cz_rj-11522_1.jpg,s
tights,http://beehive.cachefly.net/getDynamicImage.aspx?b=00ffffff&path=6620_Super_Opaque_CT_black.jpg&w=635&h=772,s
toga,https://images.halloweencostumes.com/products/1532/1-1/deluxe-mens-toga-costume.jpg,s
trousers,http://imagesmat.ctscdn.com/media/d/1000/1400/3803210a-8172-4e0b-8256-eb2d66ba0ba5/regular-fit-trousers.jpg,s
trunks,https://s-media-cache-ak0.pinimg.com/736x/03/0b/ef/030bef46c7d15905c1cf0260731caa6b.jpg,s
turban,https://d2hzvbmlcnkm7b.cloudfront.net/media/catalog/product/cache/1/image/0bc023b41e10cb05cbc38ad3f3a4e912/s/o/sophisticate-turban-navy-bamboo-hat-cancer-patients.jpg,s
turtleneck,http://esq.h-cdn.co/assets/cm/15/05/54ccf474510c5_-_esq-01-jack-jones-turtleneck-2012-mdn.jpg,s
tutu,https://cdn.shopify.com/s/files/1/1154/6106/products/Tutu-purple_1024x1024.jpg?v=1465506639,s
tuxedo,http://images.menswearhouse.com/is/image/TMW/MW40_360M_10_PRONTO_UOMO_EV_FORMAL_MAIN?$40Zoom$,s
twill,https://upload.wikimedia.org/wikipedia/commons/thumb/d/d0/22twillsm.png/180px-22twillsm.png,s
umbrella,https://www.uncommongoods.com/images/items/19600/19650_1_1200px.jpg,s
undershirt,https://content.artofmanliness.com/uploads/2013/06/Undershirt-400-menswear1.jpg,s
uniform,http://emshartlepool.org/EMS2/images/about/Uniform1.jpg,s
veil,http://img.davidsbridal.com/is/image/DavidsBridalInc/V378_IVORY_VLS_PROD10_006?$plpimagedesktop$,s
vest,http://images.menswearhouse.com/is/image/TMW/MW40_6V19_04_JOSEPH_ABBOUD_CHARCOAL_MAIN?$40GridLrg$,s
visor,"https://lf.lids.com/hwl?set=sku[20821457],c[2],w[400],h[300]&call=url[file:product]",s
wader,https://df3zidyktuxw9.cloudfront.net/media/wysiwyg/650.Redington_crosswater_Wader_wader.jpg,s
waistcoat,https://aos-articlesofstylel.netdna-ssl.com/wp-content/uploads/2014/12/cover3.jpg,s
wig,"https://images-na.ssl-images-amazon.com/images/I/512wvZjaCFL._AC_UL246_SR190,246_.jpg",s
yoke,https://lifehopeandtruth.com/uploads/images/18008272_ml.jpg,s
zoris,http://tredynasdays.co.uk/wp-content/uploads/2013/08/Zori-image.jpg,s
Academy Awards,https://i0.wp.com/blastmagazine.com/wp-content/uploads/2016/01/academy-awards-filmstrip-logo.jpg?resize=750%2C400,pic/imageedit_academy.gif
Bread and Butter,https://www.notjustalabel.com/sites/default/files/styles/750x360_scale_and_crop/public/images/events/bread_butter_ss_2016/bread_butter_ss_2016_notjustalabel_1462861092.jpg?itok=xFhpfJDY,pic/imageedit_bbb.gif
CFDA Fashion Awards,http://3a0.318.mwp.accessdomain.com/wp-content/uploads/2012/03/CFDA-logo.png,pic/imageedit_cfda.gif
Haute Couture Fashion Week,http://www.creaglam.com/wp-content/uploads/2015/03/Haute-couture-A-01.png,pic/imageedit_hc.gif
London Fashion Week,http://www.hitthefloor.com/wp-content/uploads/2015/02/base.jpg,pic/imageedit_london.gif
Men's New York Fashion Week,http://www.hitthefloor.com/wp-content/uploads/2015/02/base.jpg,pic/imageedit_ny_men.gif
Milan Men's Fashion Week,http://blog.smartbuyglasses.com/wp-content/uploads/2015/09/photo1.jpg,pic/imageedit_milan.gif
Milan SS Ready to Wear,https://userscontent2.emaze.com/images/25b9f4f9-9fb9-4acf-9f54-963d98ee702c/3e85130e-2501-4d24-b69e-759853420352.jpg,pic/imageedit_milan_women.gif
New York Fashion Week,https://cdn.evbuc.com/eventlogos/200485668/newyorkfashionweekfallwinterseptember3112014.jpg,pic/imageedit_ny.gif
Paris Fashion Week Ready to Wear,http://www.montaignestyle.com/wp-content/uploads/2015/06/paris-fashion-week-logo-20131.jpg,pic/imageedit_paris.gif
Pitti Immagine,http://www.pittimmagine.com/mediaObject/corporate/about/Logo-Pitti-Immagine/original/Logo%20Pitti%20Immagine.jpg,pic/imageedit_pitti.gif
